Date,BTC,ETH,XRP,USDT,BSV,BCH,LTC,EOS,BNB,ADA,BTCTOMORROW
43413,6385.62,210.07,0.5,0.99,68.75,544.42,51.9,5.38,9.55,0.07,6409.22
43414,6409.22,212.53,0.51,1,87.06,556.5,52.4,5.42,9.56,0.08,6411.27
43415,6411.27,211.34,0.51,0.99,113.47,533.34,51.36,5.44,9.47,0.08,6371.27
43416,6371.27,210.42,0.52,0.99,112.06,516.31,50.65,5.4,9.36,0.08,6359.49
43417,6359.49,206.83,0.51,0.99,208.4,512.41,49.7,5.23,9.25,0.07,5738.35
43418,5738.35,181.4,0.47,0.97,174.81,439.31,43.61,4.64,8.41,0.06,5648.03
43419,5648.03,180.81,0.48,0.98,93.7,421.32,43.95,4.69,8.18,0.06,5575.55
43420,5575.55,175.18,0.47,0.99,122.97,388.82,42.46,4.55,7.88,0.06,5554.33
43421,5554.33,174,0.49,0.99,130.48,387.75,41.93,4.57,7.72,0.06,5623.54
43422,5623.54,177.07,0.51,0.99,106.22,386.25,42.33,4.59,8,0.06,4871.49
43423,4871.49,149.18,0.48,0.98,72.11,336.96,36.64,4.08,6.63,0.05,4451.87
43424,4451.87,130.34,0.43,0.97,50.66,223.7,33.04,3.71,5.76,0.04,4602.17
43425,4602.17,136.7,0.45,0.99,50.75,235.95,34.67,3.81,6.2,0.05,4365.94
43426,4365.94,126.71,0.43,1,42.75,211.47,32.2,3.55,5.76,0.04,4347.11
43427,4347.11,123.3,0.41,0.98,54.03,207.43,32.16,3.6,5.56,0.04,3880.76
43428,3880.76,113.49,0.38,0.98,58.5,180.69,29.22,3.26,5.12,0.04,4009.97
43429,4009.97,116.45,0.37,0.98,87.38,184.58,30.89,3.35,5.18,0.04,3779.13
43430,3779.13,108.34,0.36,0.98,111.7,182.04,29.41,3.18,4.93,0.04,3820.72
43431,3820.72,110.01,0.36,0.98,91.94,179.06,31.07,3.03,4.91,0.04,4257.42
43432,4257.42,122.44,0.39,1,97.94,190.07,34.63,3.28,5.34,0.04,4278.85
43433,4278.85,117.54,0.38,1,98.07,180.98,33.8,3.02,5.35,0.04,4017.27
43434,4017.27,113.17,0.36,0.99,95.28,173.07,32.06,2.88,5.08,0.04,4214.67
43435,4214.67,118.64,0.37,1,93.54,172.12,34.34,2.96,5.29,0.04,4139.88
43436,4139.88,116.39,0.37,1,100.37,172.11,33.71,2.85,5.25,0.04,3894.13
43437,3894.13,108.93,0.35,1,94.46,159.82,31.07,2.59,5.11,0.04,3956.89
43438,3956.89,110.21,0.35,1,90.18,149.66,31.19,2.46,5.88,0.04,3753.99
43439,3753.99,102.48,0.34,0.99,86.31,130.54,29.3,2.2,5.98,0.03,3521.1
43440,3521.1,91.76,0.31,1,103.69,107.59,26.94,1.87,4.95,0.03,3419.94
43441,3419.94,93.29,0.3,1,103.88,106.85,25.27,1.74,4.53,0.03,3476.11
43442,3476.11,92.16,0.31,1.02,98.68,104.05,24.86,1.84,4.7,0.03,3614.23
43443,3614.23,95.14,0.31,1.02,97.42,109.62,25.95,2.03,4.86,0.03,3502.66
43444,3502.66,91.69,0.3,1.02,95.32,107.31,24.62,1.94,4.71,0.03,3424.59
43445,3424.59,88.95,0.3,1.01,90.24,102.07,23.8,1.85,4.94,0.03,3486.95
43446,3486.95,90.59,0.31,1.01,88.84,102.59,24.49,1.98,5.02,0.03,3313.68
43447,3313.68,86.54,0.3,1,78.37,90.3,23.67,1.85,4.65,0.03,3242.48
43448,3242.48,84.31,0.29,1,70.27,80.37,23.46,1.83,4.53,0.03,3236.76
43449,3236.76,84.44,0.29,1,68.14,77.37,23.78,1.9,4.56,0.03,3252.84
43450,3252.84,85.26,0.29,1.01,77.34,81.64,25.6,1.92,4.65,0.03,3545.86
43451,3545.86,95.13,0.33,1.01,81.7,90.35,29.27,2.4,5.11,0.03,3696.06
43452,3696.06,101.11,0.35,1.01,84.61,105.2,30.14,2.64,5.6,0.03,3745.95
43453,3745.95,101.27,0.35,1.02,86.51,128.45,29.68,2.5,5.49,0.03,4134.44
43454,4134.44,116.22,0.38,1.02,112.03,194.23,32.82,2.75,5.79,0.04,3896.54
43455,3896.54,109.5,0.36,1.02,108.42,194.3,30.8,2.62,5.57,0.04,4014.18
43456,4014.18,116.76,0.36,1.02,109.09,196.67,31.86,2.62,5.93,0.04,3998.98
43457,3998.98,130.77,0.37,1.02,106.97,197.66,33.46,2.82,6.06,0.04,4078.6
43458,4078.6,140.24,0.41,1.02,102.46,182.26,33.2,2.79,6.14,0.05,3815.49
43459,3815.49,129.84,0.38,1.02,93.45,170.91,31.13,2.52,5.55,0.04,3857.3
43460,3857.3,131.87,0.38,1.02,94.51,175.51,30.99,2.6,5.71,0.04,3654.83
43461,3654.83,116.58,0.34,1.02,84.87,150.13,28.29,2.32,5.28,0.04,3923.92
43462,3923.92,137.65,0.38,1.02,93.64,174,32.51,2.65,6.01,0.04,3820.41
43463,3820.41,138.02,0.37,1.03,89.43,165.06,31.57,2.63,5.83,0.04,3865.95
43464,3865.95,139.86,0.37,1.02,88.56,163.62,31.98,2.68,6,0.04,3742.7
43465,3742.7,133.37,0.35,1.01,84.96,151.05,30.47,2.57,6.16,0.04,3843.52
43466,3843.52,140.82,0.36,1.02,92.14,164.85,31.98,2.66,6.08,0.04,3943.41
43467,3943.41,155.05,0.38,1.02,94.88,171.83,33.43,2.89,6.19,0.05,3836.74
43468,3836.74,149.14,0.36,1.02,88.64,162.05,32.03,2.68,5.9,0.04,3857.72
43469,3857.72,154.58,0.36,1.02,87.65,161.4,32.4,2.72,6.07,0.04,3845.19
43470,3845.19,155.64,0.36,1.02,88.52,160.4,34.94,2.7,6.07,0.04,4076.63
43471,4076.63,157.75,0.37,1.02,90.38,166.84,39.3,2.88,6.4,0.05,4025.25
43472,4025.25,151.7,0.36,1.01,88.78,161.24,37.81,2.77,6.29,0.05,4030.85
43473,4030.85,150.36,0.37,1.02,87.58,161.91,39.48,2.8,6.64,0.05,4035.3
43474,4035.3,150.8,0.37,1.02,87.04,160.08,38.99,2.91,6.64,0.05,3678.92
43475,3678.92,128.63,0.33,1.02,75.92,134.97,33.87,2.44,5.92,0.04,3687.37
43476,3687.37,127.55,0.33,1.02,75.03,131.67,32.33,2.42,6.08,0.04,3661.3
43477,3661.3,125.97,0.33,1.02,82.8,134.38,32.38,2.43,5.98,0.04,3552.95
43478,3552.95,116.9,0.32,1.02,77.44,126.35,30.33,2.26,5.57,0.04,3706.05
43479,3706.05,129.07,0.33,1.02,80.37,133.98,32.36,2.48,6.16,0.04,3630.68
43480,3630.68,122.03,0.33,1.02,77.44,128.48,31.51,2.4,5.92,0.04,3655.01
43481,3655.01,123.55,0.33,1.02,78.2,129.17,31.82,2.45,6.19,0.04,3678.56
43482,3678.56,123.74,0.33,1.02,78.05,131.05,31.89,2.52,6.42,0.05,3657.84
43483,3657.84,121.01,0.32,1.02,75.96,128.46,31.31,2.47,6.56,0.04,3728.57
43484,3728.57,124.52,0.33,1.02,77.53,130.2,32.55,2.49,6.64,0.05,3601.01
43485,3601.01,119.47,0.32,1.02,75.34,123.89,31.18,2.37,6.49,0.04,3576.03
43486,3576.03,117.16,0.32,1.01,75.01,122.83,31.21,2.35,6.55,0.04,3604.58
43487,3604.58,118.75,0.32,1.01,75.93,128.44,31.68,2.45,6.52,0.04,3585.12
43488,3585.12,117.45,0.32,1.01,75.54,132.32,32,2.44,6.54,0.04,3600.87
43489,3600.87,117.36,0.32,1.01,74.52,129.4,32.78,2.45,6.51,0.04,3599.77
43490,3599.77,116.38,0.32,1.01,74.74,128.37,32.98,2.45,6.74,0.04,3602.46
43491,3602.46,116.49,0.31,1.01,73.97,127.14,33.15,2.44,7.01,0.04,3583.97
43492,3583.97,113.41,0.31,1.01,71.83,122.9,32.59,2.38,7.09,0.04,3470.45
43493,3470.45,106.59,0.29,1.01,64.99,112.5,31.2,2.25,6.21,0.04,3448.12
43494,3448.12,105.6,0.29,1.01,63.54,111.09,31.1,2.28,6.18,0.04,3486.18
43495,3486.18,108.91,0.32,1.01,66.38,118.38,31.93,2.34,6.17,0.04,3457.79
43496,3457.79,107.06,0.31,1.01,63.98,114.81,31.65,2.32,6.27,0.04,3487.95
43497,3487.95,107.61,0.31,1.01,64.35,116.56,32.83,2.34,6.56,0.04,3521.06
43498,3521.06,110.43,0.31,1,65.75,121.79,34.39,2.43,6.89,0.04,3464.01
43499,3464.01,107.49,0.3,1,63.72,118.83,33.44,2.38,6.74,0.04,3459.15
43500,3459.15,107.82,0.3,1,63,119.12,34.11,2.4,7.1,0.04,3466.36
43501,3466.36,107.44,0.3,1,60.94,117.71,34.26,2.39,7.82,0.04,3413.77
43502,3413.77,104.92,0.29,1,62.89,115.33,32.93,2.35,8.09,0.04,3399.47
43503,3399.47,104.54,0.29,1,62.5,115.15,33.22,2.35,7.73,0.04,3666.78
43504,3666.78,119.27,0.31,1,67.34,130.86,43.46,2.72,8.58,0.04,3671.2
43505,3671.2,119.43,0.31,1,66.09,128.64,44.79,2.78,8.87,0.04,3690.19
43506,3690.19,124.81,0.31,1,66.61,127.59,46.83,2.84,9.21,0.04,3648.43
43507,3648.43,121.3,0.3,1,64.98,122.51,43.18,2.76,9.55,0.04,3653.53
43508,3653.53,122.57,0.31,1,65.5,123.45,43.93,2.95,9.34,0.04,3632.07
43509,3632.07,122.55,0.3,1,64.55,123.15,42,2.88,8.94,0.04,3616.88
43510,3616.88,121.39,0.3,1.01,62.7,121.65,41.64,2.75,8.78,0.04,3620.81
43511,3620.81,122.1,0.3,1,62.4,121.96,42.7,2.8,9.27,0.04,3629.79
43512,3629.79,123.26,0.3,1,62.29,122.36,43.59,2.82,9.13,0.04,3673.84
43513,3673.84,133.6,0.3,1,62.87,124.69,43.93,2.88,9.22,0.04,3915.71
43514,3915.71,146.1,0.32,1.01,67.65,144.41,48.04,3.47,9.63,0.05,3947.09
43515,3947.09,145.35,0.32,1.01,67.09,143.3,47.86,3.57,10.56,0.05,3999.82
43516,3999.82,149.55,0.33,1.01,67.5,148.05,51.79,3.92,10.97,0.05,3954.12
43517,3954.12,146.13,0.32,1,65.39,142.93,49.15,3.81,10.49,0.04,4005.53
43518,4005.53,149.09,0.32,1.01,65.96,145.11,49.81,3.89,10.84,0.05,4142.53
43519,4142.53,158.8,0.33,1.01,68.74,153.26,51.68,4.27,10.78,0.05,3810.43
43520,3810.43,135.85,0.3,1.01,61.2,130.27,44.68,3.59,10.11,0.04,3882.7
43521,3882.7,139.82,0.33,1.02,68.39,135.87,46.21,3.59,9.84,0.04,3854.36
43522,3854.36,138.09,0.32,1.01,74.58,134.26,45.49,3.47,9.52,0.04,3851.05
43523,3851.05,136.13,0.31,1.01,67.86,132.79,45.58,3.53,9.9,0.04,3854.79
43524,3854.79,136.75,0.32,1.01,67.32,132.19,46.24,3.54,10.37,0.04,3859.58
43525,3859.58,136.44,0.32,1.01,67,132.96,47.49,3.52,11.39,0.04,3864.42
43526,3864.42,134.21,0.32,1.01,66.91,132.54,49.02,3.52,11.87,0.04,3847.18
43527,3847.18,132.25,0.31,1.01,65.41,131.56,48.38,3.55,11.54,0.04,3761.56
43528,3761.56,127.77,0.31,1.01,63.46,125.12,46.43,3.28,11.55,0.04,3896.38
43529,3896.38,137.82,0.32,1.01,67.28,132.51,53.13,3.78,13.81,0.04,3903.94
43530,3903.94,138.79,0.32,1.01,66.91,133.27,55.78,3.77,14.52,0.04,3911.48
43531,3911.48,138.03,0.31,1.01,66.86,132.16,57.19,3.79,15.15,0.04,3901.13
43532,3901.13,135.13,0.31,1.01,65.57,129.47,56.1,3.63,14.37,0.04,3963.31
43533,3963.31,137.97,0.31,1.01,66.77,133.82,58.09,3.77,14.57,0.05,3951.6
43534,3951.6,136.76,0.31,1.01,66.81,132.84,57.18,3.74,14.49,0.05,3905.23
43535,3905.23,133.83,0.31,1.01,65.29,130.2,55.42,3.6,14.51,0.05,3909.16
43536,3909.16,134.44,0.31,1.01,65.84,128.95,57,3.66,15.41,0.05,3906.72
43537,3906.72,133.26,0.31,1.01,64.98,128.93,55.93,3.62,15.12,0.05,3924.37
43538,3924.37,133.71,0.31,1.01,66.27,133.9,56.58,3.61,15.05,0.05,3960.91
43539,3960.91,137.69,0.32,1.01,67.69,143.99,58.99,3.72,15.08,0.05,4048.73
43540,4048.73,142.4,0.32,1.01,68.98,157.58,61.84,3.83,16.12,0.05,4025.23
43541,4025.23,140,0.32,1.01,68.47,156.08,61.24,3.78,15.76,0.05,4032.51
43542,4032.51,139.37,0.32,1.01,67.27,162.49,60.26,3.75,15.68,0.05,4071.19
43543,4071.19,140.52,0.32,1.01,67.12,162.43,60.62,3.78,15.69,0.05,4087.48
43544,4087.48,140.69,0.32,1.01,66.85,160.53,60.85,3.75,15.28,0.05,4029.33
43545,4029.33,136.64,0.31,1.01,65.94,154.77,59.38,3.67,14.52,0.05,4023.97
43546,4023.97,137.18,0.31,1.01,66.64,158.34,59.82,3.65,15.27,0.06,4035.83
43547,4035.83,138.24,0.31,1.01,67.37,167.41,61.35,3.69,15.24,0.06,4022.17
43548,4022.17,136.99,0.31,1.01,65.92,165.94,60.22,3.66,17.29,0.06,3963.07
43549,3963.07,135.03,0.3,1.01,64.4,161.62,59.5,3.68,16.84,0.06,3985.08
43550,3985.08,135.46,0.31,1.01,64.43,161.44,59.34,3.76,16.34,0.06,4087.07
43551,4087.07,140.99,0.31,1.01,66.03,173.18,62.25,4.32,16.78,0.07,4069.11
43552,4069.11,139.42,0.31,1.01,64.68,169.45,61.17,4.27,16.81,0.07,4098.37
43553,4098.37,142.5,0.31,1,64.36,170.45,61.3,4.28,16.51,0.07,4106.66
43554,4106.66,142.09,0.31,1,65.02,168.59,60.62,4.14,16.93,0.07,4105.4
43555,4105.4,141.51,0.31,1,64.98,168.94,60.76,4.18,17.4,0.07,4158.18
43556,4158.18,141.83,0.31,1,66.08,167.63,60.68,4.2,17.95,0.07,4879.88
43557,4879.88,163.96,0.35,1.01,78.83,236.13,76.19,5.03,19.79,0.09,4973.02
43558,4973.02,161.46,0.34,1.01,82.05,298.35,84.92,5.22,18.75,0.09,4922.8
43559,4922.8,158.05,0.33,1.01,83,286.57,84.98,5.08,19.14,0.09,5036.68
43560,5036.68,165.51,0.36,1.01,84.32,292.64,88.68,5.34,19.45,0.09,5059.82
43561,5059.82,165.95,0.35,1,84.66,306.07,92.57,5.35,19.12,0.09,5198.9
43562,5198.9,174.53,0.36,1,86.41,319.6,92.31,5.46,19.11,0.09,5289.77
43563,5289.77,180.26,0.36,1.01,83.16,310.16,89.49,5.55,18.11,0.09,5204.96
43564,5204.96,176.11,0.35,1.01,78.65,296.04,86.79,5.56,18.44,0.08,5324.55
43565,5324.55,177.34,0.35,1,80.07,305.22,88.38,5.84,18.25,0.09,5064.49
43566,5064.49,165.5,0.33,1.01,71.75,272.71,79.68,5.34,17.7,0.08,5089.54
43567,5089.54,164.74,0.33,1.01,71.45,282.85,78.96,5.38,18.43,0.08,5096.59
43568,5096.59,164.51,0.33,1.01,69.96,279.47,78.22,5.34,18.72,0.08,5167.72
43569,5167.72,167.84,0.33,1.01,71.05,288.65,82.94,5.55,19.49,0.08,5067.11
43570,5067.11,161.57,0.32,1,59.29,314.12,79.05,5.38,19.4,0.08,5235.56
43571,5235.56,167.62,0.33,1.01,57.47,318.31,81.35,5.55,19.83,0.08,5251.94
43572,5251.94,166.95,0.34,1.01,55.34,310.8,79.33,5.46,19.6,0.08,5298.39
43573,5298.39,173.81,0.34,1,59.49,306.96,82.07,5.5,22.04,0.08,5303.81
43574,5303.81,173.71,0.33,1.01,59.4,306.81,82.57,5.49,24.48,0.08,5337.89
43575,5337.89,173.75,0.33,1.01,58.75,300.75,81.51,5.47,25.01,0.08,5314.53
43576,5314.53,170.05,0.32,1.01,56.63,290.48,77.33,5.25,24.19,0.07,5399.37
43577,5399.37,171.87,0.32,1.01,57.81,292.81,76.95,5.25,23.91,0.08,5572.36
43578,5572.36,171.45,0.32,1.01,56.33,291.17,74.85,5.18,22.88,0.07,5464.87
43579,5464.87,165.83,0.3,1.01,54.1,278.94,73.31,4.81,23.13,0.07,5210.52
43580,5210.52,154.46,0.29,0.99,51.4,266.85,71.25,4.59,22.24,0.07,5279.35
43581,5279.35,156.35,0.3,0.99,53.84,263.88,73.12,4.74,22.87,0.07,5268.29
43582,5268.29,158.43,0.3,0.99,54.5,263.94,72.12,4.71,22.34,0.07,5285.14
43583,5285.14,157.3,0.3,0.99,54.28,255.47,69.73,4.72,22.9,0.07,5247.35
43584,5247.35,155.2,0.29,1,52.75,236.61,67.96,4.53,21.71,0.06,5350.73
43585,5350.73,162.17,0.31,1.01,54.19,267.76,74.28,4.83,22.13,0.07,5402.7
43586,5402.7,160.82,0.3,1,53.53,271.82,73.66,4.78,21.95,0.07,5505.28
43587,5505.28,162.12,0.3,1,53.14,270.18,73.78,4.79,23.59,0.07,5768.29
43588,5768.29,167.95,0.31,1,54.16,293.01,79.33,5.09,23.75,0.07,5831.17
43589,5831.17,164.03,0.3,1,53.57,291.49,78.06,4.96,22.88,0.07,5795.71
43590,5795.71,163.45,0.3,1,53.66,293.95,75.98,4.9,23.02,0.07,5746.81
43591,5746.81,172.65,0.3,1,52.84,287.66,74.98,4.9,22.21,0.07,5829.5
43592,5829.5,169.8,0.3,1,52.8,286.73,74.69,4.87,20.86,0.06,5982.46
43593,5982.46,170.95,0.3,1,59.09,286.3,74.62,4.9,20.75,0.06,6174.53
43594,6174.53,170.29,0.3,1,56.74,284.19,74.18,4.85,18.83,0.06,6378.85
43595,6378.85,173.14,0.3,1,57.87,287.73,77.17,4.83,19.6,0.06,7204.77
43596,7204.77,194.3,0.32,1,60.97,356.37,89.22,5.53,21.05,0.08,6972.37
43597,6972.37,187.33,0.31,1,57.75,354.03,84.57,5.32,20.83,0.07,7814.92
43598,7814.92,196.85,0.33,1.01,60.46,384.48,88.06,5.58,23.81,0.07,7994.42
43599,7994.42,217.15,0.41,1,60.23,388.96,91.62,6.05,23.63,0.08,8205.17
43600,8205.17,247.15,0.46,1,72.74,402.93,101.74,6.48,26.89,0.09,7884.91
43601,7884.91,264.01,0.42,1,64.77,398.7,95.59,6.5,26.33,0.09,7343.9
43602,7343.9,243.76,0.39,1,60.32,364.85,89,6.02,25.68,0.08,7271.21
43603,7271.21,234.6,0.37,1,59.57,357.62,86.7,5.89,28.4,0.08,8197.69
43604,8197.69,261.29,0.42,1.01,65.58,421.49,95.32,6.49,29.41,0.09,7978.31
43605,7978.31,251.86,0.4,1,63.15,412.81,91.49,6.25,29.31,0.08,7963.33
43606,7963.33,255.22,0.4,1.01,104.28,417.55,91.51,6.29,32.01,0.08,7680.07
43607,7680.07,244.7,0.38,1,104.71,392.51,88.21,5.97,31.42,0.08,7881.85
43608,7881.85,245.97,0.38,1,101.76,405.84,89.18,6.05,31.52,0.08,7987.37
43609,7987.37,249.48,0.38,1,99.07,409.05,99.9,6.4,33.84,0.08,8052.54
43610,8052.54,251.76,0.39,1,92.84,406.74,102.67,6.39,35.05,0.08,8673.22
43611,8673.22,267.07,0.41,1.01,106.08,432.84,111.42,6.91,34.1,0.09,8805.78
43612,8805.78,272.86,0.43,1,117.05,443.8,118.03,7.98,33.68,0.09,8719.96
43613,8719.96,271.77,0.45,1,121.72,435,114.93,8.05,33.36,0.09,8659.49
43614,8659.49,269.46,0.44,1,201.17,454.12,115.08,7.98,33.74,0.09,8319.47
43615,8319.47,255.86,0.42,1,184.7,424.62,108.8,7.37,32.29,0.08,8574.5
43616,8574.5,268.11,0.44,1,195.79,445.07,114.54,8.51,32.75,0.09,8564.02
43617,8564.02,265.39,0.43,1,189.04,434.46,112.62,7.78,33.01,0.09,8742.96
43618,8742.96,270.23,0.44,1,191.97,443.77,114.7,7.77,33.17,0.1,8208.99
43619,8208.99,252.61,0.43,1,221,408.66,107.47,6.8,31.39,0.09,7707.77
43620,7707.77,241.34,0.4,1,229.24,382.66,102.09,6.31,29.38,0.08,7824.23
43621,7824.23,247.05,0.4,1.01,217.81,398.38,103.85,6.45,31.01,0.08,7822.02
43622,7822.02,249.47,0.42,1,200.28,396.93,111.11,6.39,31.48,0.08,8043.95
43623,8043.95,250.93,0.42,1.01,203.98,401.43,117.37,6.66,31.59,0.09,7954.13
43624,7954.13,245.74,0.41,1,195.44,394.24,118.55,6.41,32.07,0.08,7688.08
43625,7688.08,233.09,0.39,1,185.37,381.17,115.13,6.17,30.56,0.08,8000.33
43626,8000.33,247.52,0.4,1.01,192.39,394.58,129.07,6.42,32.06,0.09,7927.71
43627,7927.71,245.78,0.39,1.01,186.25,387.91,136.03,6.34,32.26,0.09,8145.86
43628,8145.86,260.9,0.4,1,189.5,396.38,135.65,6.44,34.69,0.1,8230.92
43629,8230.92,256.17,0.4,1,213.06,411.94,131.35,6.46,35.14,0.09,8693.83
43630,8693.83,264.09,0.41,1.01,215.72,421.29,133.05,6.59,33.08,0.09,8838.38
43631,8838.38,269.02,0.41,1.01,209.91,422.83,138.13,6.9,32.83,0.09,8994.49
43632,8994.49,269.22,0.43,1,212.17,428.32,137.12,6.99,32.4,0.09,9320.35
43633,9320.35,274.35,0.45,1,225.35,432.52,134.44,7.13,33.92,0.09,9081.76
43634,9081.76,265.05,0.43,1,222.5,413.94,135.16,6.8,34.34,0.09,9273.52
43635,9273.52,269.43,0.44,1,224.39,416.91,136.6,6.87,35.29,0.09,9527.16
43636,9527.16,271.7,0.43,1,217.44,413.56,135.48,6.84,36.73,0.09,10144.56
43637,10144.56,294.91,0.44,1,222.3,439.45,138.88,7.09,38.82,0.09,10701.69
43638,10701.69,309.38,0.47,1,238.34,480.17,141.9,7.47,37.8,0.09,10855.37
43639,10855.37,307.83,0.47,1,237.37,475.02,136.88,7.25,37.13,0.1,11011.1
43640,11011.1,310.42,0.47,1,234.98,476.25,135.53,7.23,37.43,0.1,11790.92
43641,11790.92,318.13,0.47,1,238.02,479.81,136.49,7.2,36.01,0.1,13016.23
43642,13016.23,336.75,0.47,0.99,219.3,485.57,131.27,6.77,35.7,0.1,11182.81
43643,11182.81,294.27,0.41,0.99,197.11,413.27,114.4,5.9,33.82,0.09,12407.33
43644,12407.33,311.23,0.43,1,211.31,436.8,120.15,6.26,34.55,0.09,11959.37
43645,11959.37,320.06,0.43,1,214.36,442.72,133.66,6.4,35.36,0.09,10817.16
43646,10817.16,290.7,0.4,0.99,194.2,399.47,122.25,5.77,32.44,0.08,10583.13
43647,10583.13,293.64,0.41,1,197.53,416.65,122.58,6.02,32.92,0.08,10801.68
43648,10801.68,291.6,0.4,1,196.01,407.89,119.24,5.9,32.01,0.08,11961.27
43649,11961.27,303.1,0.41,1.01,203.96,422.61,122.56,6.11,32.67,0.08,11215.44
43650,11215.44,284.52,0.39,1,196.28,401.69,119.98,5.75,32.89,0.08,10978.46
43651,10978.46,288,0.38,1,198.72,400.51,118.35,5.76,32.71,0.08,11208.55
43652,11208.55,287.55,0.39,1,198.28,405.47,117.82,5.76,32.53,0.08,11450.85
43653,11450.85,305.7,0.4,1,199.55,411.81,120.32,5.96,33.24,0.08,12285.96
43654,12285.96,313.25,0.4,1,201.51,418.63,123.29,5.98,33.47,0.08,12573.81
43655,12573.81,308.88,0.39,1,204.78,416.08,119.43,5.9,32.71,0.08,12156.51
43656,12156.51,290,0.36,1,190.98,390.24,108.5,5.29,31.48,0.07,11358.66
43657,11358.66,268.7,0.33,1,162.79,345.88,102.64,4.69,29.64,0.07,11815.99
43658,11815.99,276.28,0.34,1.01,166.61,354.46,105.3,4.82,31.69,0.07,11392.38
43659,11392.38,269.46,0.33,1,153.8,344.95,101.02,4.75,31.51,0.07,10256.06
43660,10256.06,227.58,0.31,1,126.4,282.84,89.77,4.12,28.92,0.06,10895.09
43661,10895.09,229.78,0.32,1.01,129.34,314.74,90.92,4.32,28.39,0.06,9477.64
43662,9477.64,199.19,0.3,1,111.33,281.71,79.5,3.68,25.53,0.05,9693.8
43663,9693.8,211.48,0.31,1.01,120.25,291.54,89.81,3.85,27.22,0.06,10666.48
43664,10666.48,226.57,0.32,1.01,135.45,315.09,101.09,4.12,28.92,0.06,10530.73
43665,10530.73,221.33,0.32,1,145.95,308.03,98.4,4.05,29.08,0.06,10767.14
43666,10767.14,229.12,0.33,1.01,172.86,324.2,100.61,4.32,30.87,0.06,10599.11
43667,10599.11,225.63,0.33,1,176.7,320.86,99.63,4.33,30.52,0.06,10343.11
43668,10343.11,217.56,0.32,1,168.38,310.59,95.42,4.13,30.63,0.06,9900.77
43669,9900.77,212.73,0.31,1,169.92,298.58,90.62,4.16,29.59,0.06,9811.93
43670,9811.93,217.05,0.32,1,168.15,302.85,94.31,4.6,29.16,0.06,9911.84
43671,9911.84,219.62,0.31,1,162.05,302.95,93.45,4.58,29,0.06,9870.3
43672,9870.3,219.63,0.32,1,163.14,316.04,94.31,4.63,28.98,0.06,9477.68
43673,9477.68,207.41,0.31,1,151.85,306.64,88.89,4.27,27.89,0.06,9552.86
43674,9552.86,211.19,0.31,1,147.87,310.46,89.77,4.25,27.84,0.06,9519.15
43675,9519.15,211.27,0.31,1,146.35,307.92,90.43,4.22,27.2,0.06,9607.42
43676,9607.42,210.52,0.32,1,146.88,315.93,90.57,4.22,26.94,0.06,10085.63
43677,10085.63,218.65,0.32,1,147.98,326.57,98.51,4.43,27.64,0.06,10399.67
43678,10399.67,217.81,0.32,1.01,146.74,328.76,99.18,4.33,28.77,0.06,10518.17
43679,10518.17,217.87,0.31,1,148.54,326.82,94.94,4.19,28.04,0.06,10821.73
43680,10821.73,222.49,0.32,1,151.74,332.75,94.58,4.3,27.89,0.06,10970.18
43681,10970.18,222.67,0.32,1.01,150.5,333.67,93.2,4.24,27.56,0.06,11805.65
43682,11805.65,234.22,0.32,1.01,154.04,346.76,96.83,4.49,28.01,0.06,11478.17
43683,11478.17,226.02,0.31,1,147.08,333.58,93.07,4.19,27.64,0.05,11941.97
43684,11941.97,226.39,0.31,1,147.26,339.61,90.91,4.23,29.35,0.05,11966.41
43685,11966.41,220.94,0.31,1,144.12,333.73,90.03,4.16,30.83,0.05,11862.94
43686,11862.94,210.49,0.3,1,140.65,316.62,84.44,3.91,29.96,0.05,11354.02
43687,11354.02,206.73,0.3,1,141.47,315.99,85.42,4.07,29.68,0.05,11523.58
43688,11523.58,216.09,0.3,1,145.84,336.2,89.75,4.19,30.06,0.05,11382.62
43689,11382.62,211.29,0.3,1,142.46,330.23,85.75,4.13,30.17,0.05,10895.83
43690,10895.83,208.71,0.3,1,143.03,343.68,84.41,4.07,29.47,0.05,10051.7
43691,10051.7,186.61,0.26,0.99,133.92,311.5,76.06,3.67,27.11,0.05,10311.55
43692,10311.55,188.5,0.26,1,135.53,314.58,76.39,3.63,28.04,0.05,10374.34
43693,10374.34,185.44,0.26,1,134.85,310.45,74.92,3.59,27.64,0.05,10231.74
43694,10231.74,185.69,0.27,1,133.49,307.28,72.8,3.56,27.48,0.05,10345.81
43695,10345.81,194.49,0.28,1,136.6,316.51,76.27,3.7,27.93,0.05,10916.05
43696,10916.05,203.09,0.28,1,145.86,325.61,77.26,3.73,28.81,0.05,10763.23
43697,10763.23,196.57,0.28,1,140.53,316.25,75.2,3.68,28.17,0.05,10138.05
43698,10138.05,186.89,0.27,0.99,133.26,302.99,72.96,3.5,26.99,0.05,10131.06
43699,10131.06,191.33,0.27,1,135.17,311.33,73.6,3.64,27.09,0.05,10407.97
43700,10407.97,194.71,0.28,1,136.25,316.83,75.4,3.68,27.17,0.05,10159.96
43701,10159.96,191.29,0.27,1,133.66,307.65,73.46,3.67,26.5,0.05,10138.52
43702,10138.52,186.84,0.27,1,132.94,305.6,72.31,3.56,26.13,0.05,10370.82
43703,10370.82,188.93,0.27,1,131.66,311.12,73.86,3.58,26.11,0.05,10185.5
43704,10185.5,187.52,0.27,1,134.19,308.04,72.84,3.55,25.69,0.05,9754.42
43705,9754.42,173.89,0.26,1,125.62,292.19,67.43,3.29,23.7,0.05,9510.2
43706,9510.2,169.52,0.26,1,128.88,280.74,64.1,3.22,21.89,0.04,9598.17
43707,9598.17,168.83,0.26,1,130.41,279.87,64.33,3.22,22.22,0.04,9630.66
43708,9630.66,172.47,0.26,1,129.41,279.94,64.58,3.33,21.27,0.04,9757.97
43709,9757.97,171.63,0.26,1,129.65,282.33,66.14,3.28,21.57,0.04,10346.76
43710,10346.76,178.35,0.26,1,133.65,294.08,66.94,3.32,22.77,0.05,10623.54
43711,10623.54,179.5,0.26,1,135.17,300.86,69.13,3.36,22.51,0.05,10594.49
43712,10594.49,175.99,0.26,1,131.85,295.3,67.29,3.31,21.8,0.05,10575.53
43713,10575.53,174.22,0.26,1,130.53,292.9,65.4,3.28,22.76,0.04,10353.3
43714,10353.3,169.96,0.25,1,131.24,287.45,65.23,3.23,22.15,0.04,10517.25
43715,10517.25,178.26,0.26,1.01,134.61,301.15,69.04,3.57,22.55,0.05,10441.28
43716,10441.28,181.36,0.26,1.01,135.53,307.01,70.55,3.78,22.56,0.05,10334.97
43717,10334.97,181.15,0.26,1,131.42,305.43,70.19,3.88,22.29,0.05,10115.98
43718,10115.98,179.79,0.26,1,126.35,304.13,70.82,3.78,21.91,0.05,10178.37
43719,10178.37,178.73,0.26,1,120.12,299.81,69.92,3.76,20.9,0.04,10410.13
43720,10410.13,181.02,0.25,1,120.08,300.42,69.23,3.72,20.92,0.05,10360.55
43721,10360.55,181.11,0.26,1,118.12,298.26,68.99,3.72,20.89,0.05,10358.05
43722,10358.05,188.11,0.26,1,119.61,304.69,70.56,4.01,21.07,0.05,10347.71
43723,10347.71,189.79,0.26,1,119.8,304.23,70.32,4.07,20.6,0.05,10276.79
43724,10276.79,197.11,0.26,1,122.76,307.53,72.57,4.08,20.4,0.05,10241.27
43725,10241.27,208.61,0.29,1,125.33,319.5,74.22,4.08,21.01,0.05,10198.25
43726,10198.25,211.39,0.31,1,125.8,324.72,77.97,4.09,22.26,0.05,10266.41
43727,10266.41,221.28,0.3,1,122.86,323.7,77.06,3.98,21.61,0.05,10181.64
43728,10181.64,218.05,0.29,1,122.93,315.37,75.15,4.01,21.37,0.05,10019.72
43729,10019.72,215.52,0.29,1,122.47,312.48,73.52,4.01,21.08,0.05,10070.39
43730,10070.39,211.55,0.28,1,119.95,308.3,72.62,3.83,20.53,0.05,9729.32
43731,9729.32,201.92,0.27,1,113.94,293.07,66.85,3.7,19.49,0.05,8620.57
43732,8620.57,168.11,0.24,1.01,83.8,222.35,55.82,2.83,16.07,0.04,8486.99
43733,8486.99,170.89,0.25,1.01,86.83,229.41,57.66,2.91,16.26,0.04,8118.97
43734,8118.97,166.73,0.24,1,83.91,216.2,55.54,2.82,15.46,0.04,8251.85
43735,8251.85,174.71,0.24,1.01,84.99,222.56,56.36,2.86,15.79,0.04,8245.92
43736,8245.92,174.57,0.24,1,84.49,228.83,55.68,2.86,15.85,0.04,8104.19
43737,8104.19,170.5,0.24,1.01,82.71,220.43,54.32,2.8,15.31,0.04,8293.87
43738,8293.87,179.87,0.26,1,87.42,228.12,56.06,2.96,15.86,0.04,8343.28
43739,8343.28,177.34,0.25,1.01,84.96,224.76,56.06,2.96,15.9,0.04,8393.04
43740,8393.04,180.71,0.25,1,84.98,225.89,56.51,3.02,15.95,0.04,8259.99
43741,8259.99,175.2,0.25,1,83.16,222.58,56.55,2.94,15.73,0.04,8205.94
43742,8205.94,176.99,0.25,1.01,83.66,223.25,56.85,3.02,15.76,0.04,8151.5
43743,8151.5,176.35,0.25,1,82.51,223.17,56.84,2.99,15.72,0.04,7988.16
43744,7988.16,173.06,0.26,1.01,82.15,223.41,55.41,2.95,15.35,0.04,8245.62
43745,8245.62,181.19,0.28,1.01,84.4,234.24,57.79,3.19,16.13,0.04,8228.78
43746,8228.78,182.02,0.28,1.01,84.54,232.36,57.4,3.18,16.11,0.04,8595.74
43747,8595.74,193.29,0.28,1.01,91.41,239.44,59.43,3.25,17.81,0.04,8586.47
43748,8586.47,191.66,0.27,1,88.73,230.11,57.78,3.16,17.57,0.04,8321.76
43749,8321.76,182.57,0.27,1.01,84.61,222.59,56.3,3.14,16.71,0.04,8336.56
43750,8336.56,180.83,0.27,1,87.14,225.1,55.98,3.09,17.28,0.04,8321.01
43751,8321.01,182.08,0.28,1,86.66,224.12,56.71,3.12,18.31,0.04,8374.69
43752,8374.69,186.96,0.3,1,87.21,228.59,56.98,3.17,18.46,0.04,8205.37
43753,8205.37,181.41,0.29,1,89.52,222.83,54.94,2.99,18.54,0.04,8047.53
43754,8047.53,176.01,0.28,1.01,88.35,218.2,52.92,2.95,17.84,0.04,8103.91
43755,8103.91,178.03,0.3,1,89.69,221.43,54.88,2.96,18.57,0.04,7973.21
43756,7973.21,173.62,0.3,1,90.46,212.65,53.49,2.89,18.25,0.04,7988.56
43757,7988.56,172.91,0.29,1.01,90.3,213.98,54.03,2.88,18.29,0.04,8222.08
43758,8222.08,175.53,0.29,1,94.7,224.93,54.93,2.93,18.44,0.04,8243.72
43759,8243.72,174.92,0.29,1,112.67,233.26,54.94,2.94,18.31,0.04,8078.2
43760,8078.2,172.3,0.29,1,106.35,228.04,53.74,2.9,18.2,0.04,7514.67
43761,7514.67,162.4,0.27,1,97.55,210.38,49.63,2.72,16.71,0.04,7493.49
43762,7493.49,162.17,0.28,1.01,106.89,214.05,50.07,2.75,16.89,0.04,8660.7
43763,8660.7,181.52,0.3,1,133.53,259.17,56.94,3.18,18.62,0.04,9244.97
43764,9244.97,179.84,0.29,1,138.72,252.51,56.78,3.14,18.89,0.04,9551.71
43765,9551.71,184.24,0.3,1,140.47,261.25,59.91,3.34,19.35,0.04,9256.15
43766,9256.15,182.66,0.3,1,138.28,265.41,58.13,3.3,19.76,0.04,9427.69
43767,9427.69,190.34,0.3,1,141.26,288.96,59.87,3.41,20.48,0.04,9205.73
43768,9205.73,184.69,0.3,1.01,135.88,290.63,58.42,3.3,20.09,0.04,9199.58
43769,9199.58,183.97,0.3,1.01,129.79,284.48,58.78,3.28,20,0.04,9261.1
43770,9261.1,183.97,0.29,1,129.8,279.14,58.58,3.35,20.02,0.04,9324.72
43771,9324.72,183.93,0.3,1,132.08,290.72,58.6,3.33,20.27,0.04,9235.35
43772,9235.35,182.43,0.29,1,129.58,292.71,58.63,3.28,20.21,0.04,9412.61
43773,9412.61,186.36,0.3,1,132.38,291.85,61.57,3.45,20.74,0.04,9342.53
43774,9342.53,189.3,0.3,1,138.17,293.71,63.3,3.62,20.72,0.04,9360.88
43775,9360.88,191.59,0.31,1,139.51,306.23,64.27,3.62,20.82,0.04,9267.56
43776,9267.56,187.98,0.29,1.01,133.81,293.5,61.84,3.5,20.65,0.04,8804.88
43777,8804.88,184.21,0.28,1,124.73,277.98,60.53,3.42,19.69,0.04,8813.58
43778,8813.58,185.03,0.28,1,130,282.74,61.95,3.49,19.74,0.04,9055.53
43779,9055.53,189.48,0.28,1,134.75,293.48,63.84,3.58,20.48,0.04,8757.79
43780,8757.79,185.49,0.28,1,131.81,287.16,61.9,3.45,20.13,0.04,8815.66
43781,8815.66,186.84,0.27,1,131.91,289.24,61.34,3.48,20.86,0.04,8808.26
43782,8808.26,188.26,0.27,1,129.57,286.49,61.11,3.48,21.25,0.04,8708.1
43783,8708.1,186,0.27,1.01,126.78,279.56,59.43,3.42,21.26,0.04,8491.99
43784,8491.99,180.52,0.26,1,123.83,264.71,57.81,3.34,20.32,0.04,8550.76
43785,8550.76,183.35,0.26,1.01,124.44,267.7,58.57,3.41,20.28,0.04,8577.98
43786,8577.98,185.12,0.27,1.01,124.34,268.74,59.57,3.42,20.26,0.05,8309.29
43787,8309.29,180.56,0.26,1.01,117.88,250.18,56.8,3.23,19.32,0.04,8206.15
43788,8206.15,177.46,0.26,1.01,110.48,244.41,55.62,3.15,18.7,0.04,8027.27
43789,8027.27,175.7,0.25,1.01,106.55,244.24,55.29,3.1,18.17,0.04,7642.75
43790,7642.75,161.46,0.24,1,100.26,226.6,50.88,2.83,16.84,0.04,7296.58
43791,7296.58,150.27,0.23,1,96.95,208.93,47.62,2.63,15.58,0.04,7397.8
43792,7397.8,153.42,0.24,1.01,109.24,217.34,48.71,2.72,16.42,0.04,7047.92
43793,7047.92,142.83,0.22,1.02,100.41,205.15,44.73,2.45,15.28,0.04,7146.13
43794,7146.13,146.48,0.22,1,104.54,209.24,45.83,2.54,15.27,0.04,7218.37
43795,7218.37,148.97,0.22,1.01,107.79,212.93,47.27,2.63,15.53,0.04,7531.66
43796,7531.66,153.01,0.23,1.01,107.86,220.41,48.01,2.69,16.1,0.04,7463.11
43797,7463.11,151.72,0.22,1,106.34,218.74,47.06,2.64,15.68,0.04,7761.24
43798,7761.24,155.3,0.23,1,109.52,224.81,48.88,2.8,16.27,0.04,7569.63
43799,7569.63,152.54,0.23,1,107.68,218.91,47.48,2.76,15.72,0.04,7424.29
43800,7424.29,151.19,0.23,1,104.29,216.17,47.71,2.78,15.5,0.04,7321.99
43801,7321.99,149.06,0.22,1,100.52,215.66,45.82,2.69,15.19,0.04,7320.15
43802,7320.15,147.96,0.22,1,95.96,212.86,45.38,2.7,15.31,0.04,7252.03
43803,7252.03,146.75,0.22,1.01,95.44,209.29,45.19,2.65,15.28,0.04,7448.31
43804,7448.31,149.25,0.22,1.01,95.93,213.29,45.3,2.7,15.76,0.04,7547
43805,7547,149.19,0.23,1,97.01,213.22,45.67,2.74,15.71,0.04,7556.24
43806,7556.24,148.77,0.23,1.01,96.35,212.65,45.64,2.74,15.67,0.04,7564.35
43807,7564.35,151.26,0.23,1.01,97.45,214.36,45.95,2.76,15.67,0.04,7400.9
43808,7400.9,148.23,0.23,1,95.46,209.85,44.94,2.67,15.45,0.04,7278.12
43809,7278.12,146.27,0.22,1.01,96.4,208.3,44.64,2.62,14.96,0.04,7217.43
43810,7217.43,143.61,0.22,1.01,94.64,207.18,43.95,2.58,14.82,0.04,7243.13
43811,7243.13,145.6,0.22,1.01,93.07,207.71,44.08,2.6,14.82,0.04,7269.68
43812,7269.68,144.94,0.22,1,93.38,211.09,44.45,2.63,14.88,0.04,7124.67
43813,7124.67,142.87,0.22,1.01,93.03,207.5,43.72,2.58,14.51,0.04,7152.3
43814,NaN,143.11,0.22,1,93.48,207.36,43.76,2.57,14.49,0.04,6932.48
43815,6932.48,133.61,0.21,1,89.6,197.15,40.37,2.38,13.56,0.03,6640.52
43816,6640.52,122.6,0.18,0.99,81.01,177.41,37.08,2.21,12.39,0.03,7276.8
43817,7276.8,133.09,0.2,1.01,86.33,189.73,40.78,2.46,13.54,0.03,7202.84
43818,7202.84,129.32,0.19,1.01,85.54,187.63,39.92,2.47,13.45,0.03,7218.82
43819,7218.82,129.07,0.2,1.01,88.53,188.17,40.29,2.5,13.57,0.03,7191.16
43820,7191.16,128.13,0.19,1.01,85.34,187.74,40,2.46,13.38,0.03,7511.59
43821,7511.59,132.37,0.2,1,88.04,196.66,41.97,2.54,13.84,0.03,7355.63
43822,7355.63,128.61,0.19,1.01,86.34,190.52,40.85,2.53,13.37,0.03,7322.53
43823,7322.53,129.06,0.19,1.01,87.61,189.5,40.68,2.56,13.44,0.03,7275.16
43824,7275.16,126.45,0.19,1,86.81,187.18,40.63,2.51,13.17,0.03,7238.97
43825,7238.97,126.36,0.19,1,87.62,188.56,40.27,2.53,13.21,0.03,7290.09
43826,7290.09,127.21,0.19,1.01,90.57,203.33,41.18,2.58,13.36,0.03,7317.99
43827,7317.99,128.32,0.19,1,94.35,206.41,42.84,2.63,13.71,0.03,7422.65
43828,7422.65,134.76,0.2,1,100.36,212.96,43.67,2.69,14.15,0.03,7293
43829,7293,132.63,0.19,1.01,96.98,209.4,42.75,2.65,13.95,0.03,7193.6
43830,7193.6,129.61,0.19,1,97.08,204.62,41.34,2.58,13.73,0.03,7200.17
43831,7200.17,130.8,0.19,1,97.2,204.4,42.02,2.6,13.69,0.03,6985.47
43832,6985.47,127.41,0.19,1,92.84,195.7,39.82,2.46,13.03,0.03,7344.88
43833,7344.88,134.17,0.19,1,102.61,222.41,42.42,2.64,13.66,0.03,7410.66
43834,7410.66,135.07,0.19,1.01,109.67,226.02,43.33,2.67,13.89,0.03,7411.32
43835,7411.32,136.28,0.2,1.01,110.87,224.1,43.55,2.7,14.11,0.03,7769.22
43836,7769.22,144.3,0.22,1,117.81,244.56,45.82,2.86,14.96,0.04,8163.69
43837,8163.69,143.54,0.21,1,114.06,243.26,46.42,2.85,15.01,0.04,8079.86
43838,8079.86,141.26,0.21,1,114.17,241.06,45.65,2.79,14.6,0.04,7879.07
43839,7879.07,138.98,0.2,1.01,117.74,239.22,45.22,2.76,14.5,0.04,8166.55
43840,8166.55,143.96,0.21,1,171.16,270.73,48.73,2.97,15.03,0.04,8037.54
43841,8037.54,142.93,0.21,1,150.73,260.68,49.26,2.99,14.95,0.04,8192.49
43842,8192.49,145.87,0.22,1,165.01,268.24,51.08,3.19,15.32,0.04,8144.19
43843,8144.19,144.23,0.21,1,174.33,267.52,49.73,3.11,15.23,0.04,8827.76
43844,8827.76,165.96,0.23,1,422.74,350.26,58.48,3.83,16.63,0.04,8807.01
43845,8807.01,166.23,0.23,1,312.76,339.4,58.05,3.77,17.65,0.04,8723.79
43846,8723.79,164.39,0.23,1,312.88,325.98,57.62,3.83,17.08,0.04,8929.04
43847,8929.04,170.78,0.24,1,286.4,366.98,61.49,3.92,18.14,0.04,8942.81
43848,8942.81,175.37,0.24,1,249.19,339.12,59.41,3.82,17.82,0.04,8706.25
43849,8706.25,166.97,0.24,1,276.92,338.31,57.8,3.62,17.37,0.04,8657.64
43850,8657.64,167.12,0.23,1,301.7,343.81,57.2,3.61,17.33,0.04,8745.89
43851,8745.89,169.7,0.24,1,314.53,343.42,57.65,3.66,18.13,0.05,8680.88
43852,8680.88,168.29,0.24,1,308.91,347.23,58.35,3.65,17.8,0.05,8406.52
43853,8406.52,162.93,0.23,1,259.14,324.87,54.63,3.57,17.02,0.04,8445.43
43854,8445.43,163.05,0.22,1,266.98,319.52,54.53,3.64,17.05,0.05,8367.85
43855,8367.85,161.28,0.22,1,261.85,311.36,53.7,3.53,16.98,0.04,8596.83
43856,8596.83,168.08,0.23,1,274.2,347,56.21,3.65,17.44,0.04,8909.82
43857,8909.82,170.93,0.23,1,300.35,362.65,58.76,3.96,17.69,0.05,9358.59
43858,9358.59,176.37,0.24,1,294.76,378.86,60.67,4.05,18.12,0.05,9316.63
43859,9316.63,175.05,0.24,1,287.97,381.52,60.08,3.98,17.91,0.05,9508.99
43860,9508.99,184.69,0.24,1,298.82,392.97,68.16,4.34,18.59,0.06,9350.53
43861,9350.53,180.16,0.24,1,272.4,375.39,67.88,4.14,18.21,0.05,9392.88
43862,9392.88,183.67,0.24,1,278.65,381.01,70.82,4.16,18.22,0.06,9344.37
43863,9344.37,188.62,0.25,1,276.74,378.27,70.23,4.22,18.45,0.06,9293.52
43864,9293.52,189.87,0.25,1,280.73,383.88,69.78,4.2,18.46,0.06,9180.96
43865,9180.96,189.25,0.27,1,272.06,380.6,68.2,4.25,18.18,0.06,9613.42
43866,9613.42,204.23,0.28,1,298.88,NaN,72.49,4.52,19.22,0.06,9729.8
43867,9729.8,212.34,0.28,1,295.65,442.79,73.39,4.58,20.6,0.06,9795.94
43868,9795.94,222.73,0.28,1,295.7,439.75,74.36,4.6,22.06,0.06,9865.12
43869,9865.12,223.15,0.28,1,336.25,443.51,76.47,4.76,21.78,0.06,10116.67
43870,10116.67,228.58,0.28,1,350.09,449.81,77.09,5.01,24.31,0.06,9856.61
43871,9856.61,223.52,0.27,1,352.36,452.89,74.34,4.91,25.22,0.06,10208.24
43872,10208.24,235.85,0.28,1,363.4,461.26,76.6,5.25,25.64,0.06,10326.05
43873,10326.05,265.41,0.3,1,366.72,475.48,81.3,5.35,26.47,0.07,10214.38
43874,10214.38,268.1,0.33,1,359.04,474.32,80.4,5.34,25.44,0.07,10312.12
43875,10312.12,284.22,0.33,1,360.39,491.16,82.99,5.36,26.3,0.07,9889.42
43876,9889.42,264.73,0.31,1,310.08,437.66,76.51,4.74,24.15,0.06,9934.43
43877,9934.43,259.89,0.3,1,285.87,415.94,75.15,4.41,23.47,0.06,9690.14
43878,9690.14,266.36,0.29,1,309.44,409.34,73.25,4.35,23.55,0.06,10142
43879,10142,281.94,0.3,1,309.11,418.87,77.04,4.59,24.06,0.06,9633.39
43880,9633.39,259.76,0.28,1,288.73,382.22,71.14,4.01,22.33,0.06,9608.48
43881,9608.48,257.95,0.27,1,285.5,372.48,69.62,4.01,22.23,0.06,9686.44
43882,9686.44,265.6,0.27,1,289.44,379.4,73.45,4.07,22.18,0.06,9663.18
43883,9663.18,262.33,0.28,1,280.41,373.83,75.13,4.12,21.97,0.06,9924.52
43884,9924.52,273.75,0.28,1,294.39,401.64,79.54,4.38,22.83,0.06,9650.17
43885,9650.17,265.22,0.27,1,277.38,377.58,75.54,4.14,22.04,0.06,9341.71
43886,9341.71,247.82,0.25,1,259.76,353.98,71.18,4.09,20.34,0.06,8820.52
43887,8820.52,225.68,0.23,1,225.03,316.64,61.01,3.55,18.8,0.05,8784.49
43888,8784.49,226.75,0.24,1,226.55,323.29,61.51,3.6,19.12,0.05,8672.46
43889,8672.46,226.76,0.24,1,215.97,313.63,59.76,3.51,18.85,0.05,8599.51
43890,8599.51,219.85,0.23,1.01,212.29,308.33,58.54,3.54,19.58,0.05,8562.45
43891,8562.45,218.97,0.23,1,228.52,313.3,57.96,3.53,18.96,0.05,8869.67
43892,8869.67,230.57,0.24,1,251.41,336.79,61,3.69,19.81,0.05,8787.79
43893,8787.79,224.48,0.23,1,246.48,329.24,61.14,3.64,19.64,0.05,8755.25
43894,8755.25,224.52,0.23,1,231.22,319.25,60.38,3.6,19.96,0.05,9078.76
43895,9078.76,229.27,0.24,1,240.62,337.24,62.05,3.78,20.8,0.05,9122.55
43896,9122.55,243.53,0.24,1,245.07,348.89,63.03,3.83,21.29,0.05,8909.95
43897,8909.95,237.85,0.24,1,234.23,330.81,60.55,3.66,20.18,0.05,8108.12
43898,8108.12,200.69,0.21,1.01,197.95,276.2,51.73,3.08,16.97,0.04,7923.64
43899,7923.64,201.99,0.21,1,199.18,273.21,50.17,3.06,16.57,0.04,7909.73
43900,7909.73,200.77,0.21,1,198.83,271.72,50.26,3.08,16.88,0.04,7911.43
43901,7911.43,194.87,0.21,1,190.51,266.86,48.46,3.06,16.52,0.04,4970.79
43902,4970.79,112.35,0.14,1.05,108.79,152.22,30.93,1.85,9.6,0.02,5563.71
43903,5563.71,133.2,0.16,1,120.9,176.49,37.44,2.1,10.83,0.03,5200.37
43904,5200.37,123.31,0.15,1,116.31,167.58,34.4,1.96,10.14,0.03,5392.31
43905,5392.31,125.21,0.15,1,122.95,178.31,36.44,2.05,10.44,0.03,5014.48
43906,5014.48,110.61,0.14,1,109.59,170.74,32.88,1.88,9.39,0.02,5225.63
43907,5225.63,113.94,0.14,0.98,117.01,180.33,33.56,1.93,10.08,0.03,5238.44
43908,5238.44,114.84,0.14,0.97,119.35,179.09,33.68,1.95,10.12,0.03,6191.19
43909,6191.19,136.59,0.17,1,156.32,221.27,39.07,2.29,12.28,0.03,6198.78
43910,6198.78,132.74,0.16,1,160.33,214.42,38.13,2.2,11.88,0.03,6185.07
43911,6185.07,132.82,0.16,1,167.7,219.37,38.34,2.28,12.06,0.03,5830.25
43912,5830.25,123.32,0.15,1,157.78,203.67,35.63,2.13,11.16,0.03,6416.31
43913,6416.31,134.91,0.16,1,168.51,219.33,38.77,2.28,12.12,0.03,6734.8
43914,6734.8,138.76,0.16,1,177.96,227.25,40.49,2.36,12.4,0.03,6681.06
43915,6681.06,136.2,0.16,1,172.95,220.44,39.15,2.3,12.32,0.03,6716.44
43916,6716.44,138.36,0.18,1,172.53,226.82,40.16,2.31,13.22,0.03,6469.8
43917,6469.8,133.94,0.18,1.01,166.8,217.58,38.92,2.24,12.52,0.03,6242.19
43918,6242.19,130.99,0.18,1,157.02,214.22,38.87,2.21,12.19,0.03,5922.04
43919,5922.04,125.58,0.16,1,148.39,206.46,37.33,2.13,11.44,0.03,6429.84
43920,6429.84,132.9,0.17,1.01,166.44,221.54,39.14,2.24,12.29,0.03,6438.64
43921,6438.64,133.59,0.17,1,165.4,219.63,39.3,2.22,12.58,0.03,6606.78
43922,6606.78,135.63,0.18,1,168,224.02,39.38,2.27,12.74,0.03,6793.62
43923,6793.62,142.03,0.18,1,175.15,232.65,39.87,2.3,13.07,0.03,6733.39
43924,6733.39,142.09,0.18,1,178.61,235.81,40.36,2.34,13.37,0.03,6867.53
43925,6867.53,145.22,0.18,1,179.27,238.82,40.68,2.37,13.82,0.03,6791.13
43926,6791.13,143.55,0.18,1,174.86,232,40.67,2.36,13.73,0.03,7271.78
43927,7271.78,169.14,0.2,0.99,191,255.92,44.39,2.73,15.08,0.04,7176.41
43928,7176.41,165.1,0.19,1,184.83,252.06,44.67,2.63,14.68,0.04,7334.1
43929,7334.1,172.64,0.2,1,217.09,266.24,46.32,2.73,15.06,0.04,7302.09
43930,7302.09,170.81,0.2,1,214.75,257.48,46.38,2.73,15.06,0.04,6865.49
43931,6865.49,158.41,0.19,1,186.52,233.09,42.27,2.5,13.74,0.03,6859.08
43932,6859.08,158.22,0.19,1,186.05,232.05,42.32,2.5,13.8,0.03,6971.09
43933,6971.09,161.14,0.19,1.01,192.97,235.79,42.45,2.53,14.38,0.03,6845.04
43934,6845.04,156.28,0.19,1,188,223.85,41.2,2.45,15.03,0.03,6842.43
43935,6842.43,157.6,0.19,1,188.56,221.97,41.05,2.46,15.53,0.03,6642.11
43936,6642.11,153.29,0.18,1,182.16,215.51,39.59,2.4,14.59,0.03,7116.8
43937,7116.8,172.16,0.19,1,194.7,235.59,42.69,2.66,15.7,0.03,7096.18
43938,7096.18,171.64,0.19,1.01,194.32,233.62,42.75,2.64,15.74,0.03,7257.66
43939,7257.66,186.91,0.19,1,203.52,243.08,44.36,2.73,16.59,0.04,7189.42
43940,7189.42,181.61,0.19,1.01,195.77,233.59,42.63,2.62,16.14,0.04,6881.96
43941,6881.96,172.3,0.18,1,185.15,221.57,40.83,2.52,15.09,0.03,6880.32
43942,6880.32,172.74,0.18,1.01,184.02,221.75,41.04,2.54,15.21,0.03,7117.21
43943,7117.21,182.6,0.19,1,192.29,233.3,41.89,2.62,15.69,0.04,7429.72
43944,7429.72,185.03,0.19,1,193.8,236.6,42.94,2.67,16.01,0.04,7550.9
43945,7550.9,189.24,0.19,1.01,194.66,239.77,44.81,2.72,16.02,0.04,7569.94
43946,7569.94,195.52,0.2,1,195.03,239.72,44.71,2.72,16.31,0.04,7679.87
43947,7679.87,197.32,0.2,1,195.75,246.27,44.69,2.74,16.38,0.05,7795.6
43948,7795.6,197.22,0.2,1,194.02,243.27,44.71,2.75,16.46,0.05,7807.06
43949,7807.06,198.42,0.22,1.01,195.59,243.7,46.03,2.78,16.44,0.05,8801.04
43950,8801.04,216.97,0.23,1.01,208.31,257.49,49.18,3.02,17.49,0.05,8658.55
43951,8658.55,NaN,0.21,1.01,208.3,249.84,46.71,2.83,17.03,0.05,8864.77
43952,8864.77,214.22,0.22,1.01,213.4,257.23,47.79,2.89,17.56,0.05,8988.6
43953,8988.6,215.33,0.22,1,213.44,261.98,49.46,2.95,17.58,0.05,8897.47
43954,8897.47,210.93,0.22,1,208.62,252.54,48.27,2.84,17.13,0.05,8912.65
43955,8912.65,208.17,0.22,1.01,205.48,245.47,47.47,2.78,17.1,0.05,9003.07
43956,9003.07,206.77,0.22,1,207.22,244.59,46.79,2.77,16.92,0.05,9268.76
43957,9268.76,204.06,0.22,1.02,204.93,245.82,45.94,2.69,16.66,0.05,9951.52
43958,9951.52,212.29,0.22,1,209.95,252.66,47.33,2.76,17.01,0.05,9842.67
43959,9842.67,212.99,0.22,1,210.56,261.44,47.88,2.76,17.24,0.05,9593.9
43960,9593.9,211.6,0.22,1,211.03,266.14,47.27,2.76,16.94,0.05,8756.43
43961,8756.43,188.6,0.2,1,185.9,232.8,42.37,2.45,15.3,0.05,8601.8
43962,8601.8,185.91,0.19,1,188.14,234.95,41.7,2.41,15.1,0.05,8804.48
43963,8804.48,189.31,0.2,1,186.53,233.12,42.11,2.44,15.74,0.05,9269.99
43964,9269.99,199.19,0.2,1,190.33,239.16,43.13,2.53,16.14,0.05,9733.72
43965,9733.72,202.95,0.2,1,193.15,241.86,43.95,2.61,16.36,0.05,9328.2
43966,9328.2,195.62,0.2,1,187.68,235.51,42.83,2.59,15.75,0.05,9377.01
43967,9377.01,200.68,0.2,1,188.54,236.65,43.21,2.63,16.05,0.05,9670.74
43968,9670.74,207.16,0.2,1,191.73,241.19,43.64,2.62,16.31,0.05,9726.57
43969,9726.57,214.53,0.21,1,203.43,247.83,45.2,2.66,16.64,0.05,9729.04
43970,9729.04,213.45,0.2,1,200.78,245.93,45.38,2.63,17.15,0.06,9522.98
43971,9522.98,210.1,0.2,1,197.06,239.52,44.17,2.6,16.89,0.06,9081.76
43972,9081.76,199.88,0.2,1,193.45,228.4,42.74,2.47,16.12,0.05,9182.58
43973,9182.58,207.17,0.2,1,194.97,234.5,44.21,2.6,16.64,0.06,9209.29
43974,9209.29,208.69,0.2,1.01,193.96,234.98,44.03,2.57,16.59,0.06,8790.37
43975,8790.37,202.37,0.2,1,184.94,224.83,42.45,2.51,16.08,0.05,8906.93
43976,8906.93,205.32,0.2,1,184.13,230.56,42.95,2.54,16.4,0.05,8835.05
43977,8835.05,201.9,0.19,1,180.86,227.22,42.43,2.5,16.21,0.05,9181.02
43978,9181.02,208.86,0.2,1,188.87,233.52,43.86,2.56,16.49,0.06,9525.75
43979,9525.75,219.84,0.2,1,192.47,239.41,44.76,2.62,17.06,0.06,9439.12
43980,9439.12,220.68,0.2,1,190.48,238.15,44.65,2.61,17.04,0.06,9700.41
43981,9700.41,242.35,0.21,1,201.84,251.3,47.54,2.76,17.74,0.08,9461.06
43982,9461.06,230.98,0.2,1,193.14,239.88,45.59,2.67,17.04,0.07,10167.27
43983,10167.27,246.99,0.21,1,202.74,255.35,48.13,2.81,17.91,0.08,9529.8
43984,9529.8,237.22,0.2,1,195.67,249.05,45.92,2.68,17.24,0.08,9656.72
43985,9656.72,NaN,0.2,1,195.94,252.06,47.17,2.7,17.55,0.09,9800.64
43986,9800.64,244.43,0.2,1,197.62,256.68,47.64,2.72,17.57,0.09,9665.53
43987,9665.53,241.22,0.2,1,196.8,256.76,47.05,2.82,17.69,0.09,9653.68
43988,9653.68,241.93,0.2,1,194.33,253.27,46.73,2.8,17.54,0.09,9758.85
43989,9758.85,245.17,0.2,1,194.07,254.34,46.67,2.82,17.45,0.09,9771.49
43990,9771.49,246.31,0.2,1,191.93,255.12,46.47,2.78,17.39,0.09,9795.7
43991,9795.7,244.91,0.2,1,191.13,255.3,46.07,2.76,17.44,0.08,9870.09
43992,9870.09,NaN,0.2,1,194.16,257.25,46.68,2.77,17.41,0.08,9321.78
43993,9321.78,231.7,0.19,1,181.65,236.44,43.51,2.53,16.31,0.08,9480.84
43994,9480.84,237.49,0.19,1,183.09,242.24,44.83,2.6,16.67,0.08,9475.28
43995,9475.28,238.91,0.19,1,182.89,241.16,45.09,2.6,16.82,0.08,9386.79
43996,9386.79,234.11,0.19,1.01,180.02,238.76,44.08,2.58,16.66,0.08,9450.7
43997,9450.7,229.93,0.19,1,175.66,236.27,43.91,2.53,16.38,0.08,9538.02
43998,9538.02,234.42,0.19,1,176.16,237.53,43.88,2.55,16.42,0.08,9480.26
43999,9480.26,NaN,0.19,1,177.84,240.45,44.03,2.56,16.4,0.08,9411.84
44000,9411.84,232.1,0.19,1,175.27,236.96,43.56,2.53,16.21,0.08,9288.02
44001,9288.02,227.14,0.19,0.99,173.01,232.33,42.68,2.5,15.91,0.08,9332.34
44002,9332.34,229.27,0.19,1,173.35,231.9,43.35,2.52,16.05,0.08,9303.63
44003,9303.63,228.99,0.19,1,172.49,231.29,43.09,2.52,16,0.08,9648.72
44004,9648.72,242.53,0.19,1,175.71,239.79,44.19,2.56,16.48,0.08,9629.66
44005,9629.66,244.14,0.19,1,180.54,240.81,44.18,2.57,16.42,0.08,9313.61
44006,9313.61,235.77,0.18,1,172.92,233.16,42.84,2.49,16.03,0.08,9264.81
44007,9264.81,232.94,0.18,1,172.36,232.41,42.56,2.48,15.92,0.08,9162.92
44008,9162.92,229.67,0.18,1,169.25,230.11,43.32,2.47,15.75,0.08,9045.39
44009,9045.39,222.96,0.18,1,162.13,218.41,41.56,2.35,15.19,0.08,9143.58
44010,9143.58,225.35,0.18,1,159.37,222.71,41.41,2.36,15.42,0.08,9190.85
44011,9190.85,228.19,0.18,1,160.1,225.2,41.85,2.38,15.51,0.08,9137.99
44012,9137.99,226.31,0.18,1,158.15,221.99,41.47,2.36,15.41,0.08,9228.33
44013,9228.33,231.11,0.18,1,157.1,223.69,41.7,2.37,15.83,0.1,9123.41
44014,9123.41,229.39,0.18,1.02,155.89,222.3,41.49,2.39,15.54,0.09,9087.3
44015,9087.3,225.39,0.18,1,155.24,221.56,41.21,2.42,15.29,0.1,9132.49
44016,9132.49,229.07,0.18,1,155.16,225.33,42.07,2.46,15.55,0.1,9073.94
44017,9073.94,227.66,0.18,1,153.75,221.84,41.6,2.41,15.48,0.1,9375.47
44018,9375.47,241.51,0.19,1,191.86,241.63,43.96,2.61,16.3,0.11,9252.28
44019,9252.28,239.08,0.18,1,184.37,237.15,43.32,2.56,16.77,0.12,9428.33
44020,9428.33,246.67,0.2,1,188.98,243.23,45.2,2.68,17.23,0.13,9277.97
44021,9277.97,243.02,0.2,1,185.68,238.86,44.54,2.66,16.88,0.12,9278.81
44022,9278.81,240.98,0.2,1,182.67,237.92,44.25,2.62,17.26,0.12,9240.35
44023,9240.35,239.46,0.2,1,182.84,236.66,44.68,2.62,17.62,0.13,9276.5
44024,9276.5,242.13,0.2,1,185.91,236.77,44.64,2.61,18.24,0.13,9243.61
44025,9243.61,239.6,0.2,1,182.11,232.43,43.92,2.55,18.41,0.12,9243.21
44026,9243.21,240.21,0.2,1,181.61,230.01,43.8,2.56,18.08,0.13,9192.84
44027,9192.84,238.42,0.2,1,179.67,227.27,43.28,2.53,17.59,0.13,9132.23
44028,9132.23,233.64,0.19,1,173.1,224.02,42.04,2.5,17.14,0.13,9151.39
44029,9151.39,232.77,0.19,1,172.05,222.81,41.91,2.5,17.08,0.12,9159.04
44030,9159.04,235.48,0.2,1,172.78,224.25,42.43,2.5,17.13,0.12,9185.82
44031,9185.82,238.49,0.2,1,172,227.1,42.55,2.58,17.96,0.12,9164.23
44032,9164.23,236.15,0.2,1,169.36,222.75,41.98,2.56,17.48,0.12,9374.89
44033,9374.89,245.02,0.2,1,177.38,229.56,43.62,2.62,17.72,0.12,9525.36
44034,9525.36,262.19,0.2,1,181.71,238.7,44.94,2.66,18.09,0.12,9581.07
44035,9581.07,274.69,0.21,1,184.26,237.55,44.85,2.65,18.67,0.12,9536.89
44036,9536.89,279.22,0.2,1,181.62,235.52,44.18,2.59,19.15,0.12,9677.11
44037,9677.11,304.06,0.21,1,190.27,249.51,48.8,2.73,19.78,0.14,9905.17
44038,9905.17,309.64,0.21,1,190.04,246.82,47.98,2.71,19.52,0.15,10990.87
44039,10990.87,321.51,0.22,1,207.33,267.43,52.95,2.84,19.62,0.14,10912.82
44040,10912.82,316.66,0.23,1,214.15,288.55,55.58,2.99,20.17,0.15,11100.47
44041,11100.47,318.19,0.24,1,213.4,288.37,55.17,3.03,19.9,0.14,11111.21
44042,11111.21,334.59,0.24,1,215.36,292.19,56.64,3.05,20.01,0.14,11323.47
44043,11323.47,345.55,0.26,1,229.84,300.5,58,3.09,20.67,0.14,11759.59
44044,11759.59,NaN,0.29,1,243.35,318,61.29,3.29,21.53,0.14,11053.61
44045,11053.61,370.67,0.29,1,217.82,283.78,56.64,2.94,20.94,0.13,11246.35
44046,11246.35,386.3,0.31,1,228.12,296.54,58.47,3.05,22.06,0.14,11205.89
44047,11205.89,389.88,0.3,1,224.67,288.39,57.53,3.03,22.28,0.14,11747.02
44048,11747.02,401.59,0.3,1,234.17,294.49,59.01,3.06,23.34,0.14,11779.77
44049,11779.77,394.96,0.3,1,236.6,308.76,59.16,3.09,22.71,0.14,11601.47
44050,11601.47,379.51,0.29,1,228.98,303.46,57.25,3.02,22.31,0.14,11754.05
44051,11754.05,393.99,0.29,1,232.75,304.48,58.13,3.05,22.88,0.15,11675.74
44052,11675.74,391.12,0.29,1,224.05,300.4,57.14,3.03,22.48,0.15,11878.11
44053,11878.11,395.89,0.29,1,226,302.59,58.29,3.24,22.61,0.14,11410.53
44054,11410.53,380.38,0.28,1,210.76,282.95,54.39,3.02,21.26,0.14,11584.93
44055,11584.93,391.02,0.28,1.01,209.29,287.61,54.97,3.06,21.75,0.14,11784.14
44056,11784.14,428.74,0.3,1.02,216.06,299.52,57.74,3.18,22.08,0.14,11768.87
44057,11768.87,437.4,0.3,1,212.03,293.4,56.75,3.25,23.07,0.14,11865.7
44058,11865.7,433.35,0.3,1,224.04,303,59.93,3.73,23.02,0.14,11892.8
44059,11892.8,433.79,0.3,1,222.83,307.87,63.83,3.88,23.5,0.14,12254.4
44060,12254.4,429.53,0.31,1,224.25,317.3,67.03,3.77,23.51,0.14,11991.23
44061,11991.23,423.67,0.3,1,217.3,304.17,65.53,3.59,23.07,0.14,11758.28
44062,11758.28,406.46,0.29,1,206.52,292.7,62,3.35,22.31,0.13,11878.37
44063,11878.37,416.44,0.29,1,208.95,294.79,62.97,3.44,23.09,0.13,11592.49
44064,11592.49,389.13,0.28,1,197.47,284.3,59.38,3.27,22.13,0.12,11681.83
44065,11681.83,395.84,0.29,1,196.66,287.36,60.31,3.37,22.24,0.13,11664.85
44066,11664.85,391.38,0.29,1,194.86,284.96,60.62,3.33,21.87,0.12,11774.6
44067,11774.6,408.14,0.29,1,203.83,291.33,62.2,3.39,22.61,0.12,11366.14
44068,11366.14,384,0.28,1,192.08,276.8,58.58,3.14,21.48,0.11,11488.36
44069,11488.36,386.47,0.28,1,191.42,275.57,58.36,3.13,22.28,0.12,11323.4
44070,11323.4,382.63,0.26,1,185.95,264.58,56.04,2.98,23.08,0.11,11542.5
44071,11542.5,395.87,0.27,1,191.78,268.91,57.35,3.12,23.13,0.11,11506.87
44072,11506.87,399.92,0.27,1,190.44,268.95,57.29,3.14,23.01,0.12,11711.51
44073,11711.51,428.4,0.28,1,196.5,279.07,62.73,3.27,23.64,0.12,11680.82
44074,11680.82,435.08,0.28,1,192.85,274.54,61.11,3.23,23.19,0.12,11970.48
44075,11970.48,477.05,0.3,1,203.67,292.72,62.88,3.48,24.82,0.13,11414.03
44076,11414.03,440.04,0.28,1,183.57,264.12,58.1,3.1,24.69,0.12,10245.3
44077,10245.3,385.67,0.25,1.01,152.35,216.06,47.77,2.64,20.62,0.1,10511.81
44078,10511.81,388.24,0.26,1,160.56,231.87,50.61,3.01,21.06,0.1,10169.57
44079,10169.57,335.26,0.24,1,162.1,225.3,47.59,2.93,19.48,0.09,10280.35
44080,10280.35,353.36,0.24,1,163.5,228.45,48.05,2.91,23.19,0.09,10369.56
44081,10369.56,352.67,0.24,1,174.15,228.61,48.77,2.85,22.39,0.09,10131.52
44082,10131.52,337.6,0.24,1,170.57,222.54,47.38,2.76,23.19,0.09,10242.35
44083,10242.35,351.11,0.24,1,169.58,224.68,47.9,2.76,24.53,0.09,10363.14
44084,10363.14,368.1,0.24,1,166.7,227.71,48.72,2.78,24.56,0.1,10400.91
44085,10400.91,374.7,0.24,1,167.56,225.54,49.09,2.79,25.45,0.1,10442.17
